channel,spend_multiplier,current_spend,increased_spend,current_response,increased_response,response_lift,response_lift_pct
affiliate,1.1,10532.201923076924,11585.422115384617,0.49865762818218956,0.5011862340628849,0.0025286058806953116,0.005070825628223339
direct_mail,1.1,18768.477564102563,20645.32532051282,0.04819723171031544,0.058715760028848714,0.010518528318533275,0.21823926282226788
search,1.1,33652.89102564102,37018.18012820513,0.07189732725959523,0.08470375082217099,0.012806423562575761,0.17812099629707234
social,1.1,16700.846153846152,18370.93076923077,0.02891820437441439,0.038846488872953125,0.009928284498538734,0.34332299370990205
