channel,spend_multiplier,current_spend,increased_spend,current_response,increased_response,response_lift,response_lift_pct
affiliate,1.1,10403.828125,11444.210937500002,0.48797232136677265,0.494564905586762,0.0065925842199893725,0.013510160169585141
direct_mail,1.1,19917.359375,21909.0953125,0.4832901463207926,0.4876213551160935,0.0043312087953009115,0.008961922415082705
search,1.1,31740.34375,34914.378125,0.4816292869567323,0.4893896468140544,0.007760359857322097,0.016112724179124217
social,1.1,17722.0625,19494.268750000003,0.48283746464300725,0.48956037107835704,0.006722906435349785,0.013923746452277603
