channel,spend_multiplier,current_spend,increased_spend,current_response,increased_response,response_lift,response_lift_pct
affiliate,1.1,10403.828125,11444.210937500002,0.48360295437440315,0.49005611177710057,0.006453157402697418,0.013343916418056895
direct_mail,1.1,19917.359375,21909.0953125,0.48064350554590896,0.4851654091648185,0.0045219036189095285,0.009408019804144876
search,1.1,31740.34375,34914.378125,0.3681570497430832,0.39124047236814097,0.023083422625057748,0.06269993374068597
social,1.1,17722.0625,19494.268750000003,0.4759127426318602,0.4833603117272286,0.007447569095368423,0.015649022243410388
