test_id,lift_model,lift_obs,se,z_score
search_geo_holdout_q2,3335.604723705187,1180.0,2600.0,0.8290787398866104
direct_mail_match_q3,122961.35050128971,780000.0,175000.0,-3.7545065685640586
