test_id,lift_model,lift_obs,se,z_score
search_geo_holdout_q2,5458.6489236437155,1180.0,260.0,16.45634201401429
direct_mail_match_q3,-641551.3933527342,780000.0,175000.0,-8.12315081915848
