test_id,lift_model,lift_obs,se,z_score
search_geo_holdout_q2,12114.966092092389,1180.0,260.0,42.05756189266303
direct_mail_match_q3,278200.8591564066,780000.0,175000.0,-2.867423661963391
