kpi,channel,total_contribution,total_spend,roi
applications,affiliate,63744.89082838943,539682,0.11811565112119624
applications,direct_mail,46769.40208667542,973892,0.04802319157224356
applications,search,71459.92569727039,1635710,0.043687405284109276
applications,social,62852.89246100564,927369,0.06777549439436259
funded_revenue,affiliate,8501792.38759194,539682,15.753336942110241
funded_revenue,direct_mail,1864941.5665591322,973892,1.9149367348321293
funded_revenue,search,11809575.303059224,1635710,7.219846612822092
funded_revenue,social,7878512.564261741,927369,8.495553080016412
