kpi,channel,total_contribution,total_spend,roi
applications,affiliate,1637.3052704233237,2651780,0.0006174363146351974
applications,direct_mail,13864.855434249184,4754939,0.0029158850269686287
applications,search,68845.28960149975,8263998,0.008330748579743093
applications,social,12720.454690502402,4148123,0.0030665567753179936
funded_revenue,affiliate,-52879573.11983204,2651780,-19.94116145375259
funded_revenue,direct_mail,8406823.970443517,4754939,1.7680193101201755
funded_revenue,search,44927990.67393715,8263998,5.436592636389451
funded_revenue,social,9780228.274250984,4148123,2.3577478956749798
