kpi,channel,total_contribution,total_spend,roi
applications,affiliate,11623.981629324628,539682,0.021538575734089016
applications,direct_mail,8940.213279146912,973892,0.009179881628709254
applications,search,33421.275795650065,1635710,0.020432274544784874
applications,social,5755.278799576725,927369,0.0062060288834074944
funded_revenue,affiliate,-463455.2739094896,539682,-0.8587562192355677
funded_revenue,direct_mail,-3852843.906146202,973892,-3.956130562881923
funded_revenue,search,22660654.92016528,1635710,13.85371179497911
funded_revenue,social,-24981938.09775111,927369,-26.93850894061707
